Zip_Code,Station
36502,KNSE
36017,KTOI
35115,KEET
35063,KBHM
36029,KMGM
36071,KPRN
36205,KANB
36854,KLGC
35984,KCHA
35115,KEET
36915,KMEI
36540,KGZH
36251,KANB
36264,KANB
36323,KTOI
35672,KMSL
36502,KNSE
35151,KALX
36476,KGZH
36323,KTOI
35619,KCMD
36360,KDHN
36758,KMGM
35968,KCHA
36024,KALX
36502,KNSE
35901,KGAD
35554,KBHM
35585,KTUP
36305,KDHN
35480,KTCL
36744,KTCL
36317,KTOI
36320,KMAI
35751,KMDQ
35022,KEKY
35576,KGTR
35614,KDCU
35619,KCMD
36874,KAUO
35614,KDCU
36043,KMGM
36039,KTOI
35803,KHSV
36722,KGZH
35554,KBHM
35175,KHSV
36571,KMOB
36444,KGZH
36043,KMGM
35175,KHSV
36786,KTCL
35576,KGTR
36082,KTOI
36264,KANB
36874,KAUO
35135,KPLR
35022,KEKY
36925,KMEI
35014,KPLR
36251,KANB
35184,KEKY
35130,KBHM
36529,KMOB
36722,KGZH
35541,KCMD
99661,PASD
99692,PADU
99523,PANC
99614,PAKI
99670,PAKN
99744,PAIN
99628,PADL
99712,PAFA
99827,PAHN
99825,PAOH
99801,PAJN
99672,PAEN
99901,PAKT
99643,PALB
99625,PAKN
99654,PANC
99769,PASA
99747,PABA
99749,PASK
99836,PAFE
99923,PAKT
99835,PASI
99840,PAGY
99738,PAEG
99588,PAVD
99903,PAKW
99689,PAYA
99627,PAMC
86556,KRQE
85617,KDUG
86002,KFLG
85541,KPAN
85543,KSAD
85534,KSVC
85359,KBLH
85040,KPHX
86442,KIFP
85942,KSOW
85730,KDMA
85117,KIWA
85640,KOLS
86314,KPRC
85364,KNYL
72073,KSGT
71663,KLLQ
72531,KBPK
72732,KROG
72685,KHRO
71651,KELD
71701,KCDH
72740,KASG
71653,KGLH
71728,KADF
72430,KTKX
72153,KCCA
72057,KPBF
71861,KMNE
72001,KRUE
72421,KJBR
72956,KFSM
72327,KAWM
72396,KAWM
71725,KADF
71662,KLLQ
71677,KLLQ
72039,KCCA
72933,KFSM
72542,KARG
71933,KHOT
72057,KPBF
72436,KTKX
71862,KTXK
71933,KHOT
71971,KDEQ
72112,KJBR
72561,KBVX
72112,KJBR
72073,KSGT
72830,KRUE
71861,KMNE
72440,KARG
72366,KCKM
71603,KPBF
71853,KTXK
72933,KFSM
72037,KSGT
72703,KASG
72661,KBPK
71834,KTXK
72330,KJBR
72021,KSGT
71933,KHOT
71858,KTXK
72628,KHRO
71701,KCDH
72001,KRUE
72366,KCKM
71971,KDEQ
72421,KJBR
71944,KDEQ
72801,KRUE
72170,KSGT
72116,KLIT
72413,KARG
72021,KSGT
72019,KLIT
72944,KRKR
72686,KCCA
72903,KFSM
71832,KDEQ
72542,KARG
72153,KCCA
71730,KELD
72013,KCCA
72703,KASG
72010,KBVX
72112,KJBR
72857,KRUE
94501,KOAK
95666,KSCK
95917,KOVE
95228,KSCK
95645,KSMF
94509,KOAK
95538,KCEC
95666,KSCK
93625,KFAT
95951,KOVE
95540,KFOT
92243,KIPL
93549,KNID
93304,KBFL
93239,KVIS
95457,KUKI
96114,KRNO
90013,KCQT
93639,KFAT
94979,KOAK
95369,KMER
95490,KSTS
95340,KMCE
96134,KMFR
93546,KMMH
93426,KSBP
94574,KSTS
96162,KRNO
90638,KFUL
95631,KSMF
95983,KRNO
92373,KSBD
95630,KMHR
95004,KWVI
92344,KSBD
91901,MMTJ
94109,KOAK
95202,KSCK
93420,KSBP
94404,KSFO
93105,KSBA
94550,KLVK
95033,KSJC
96001,KRDD
96118,KRNO
96134,KMFR
94590,KAPC
95448,KSTS
94550,KLVK
95645,KSMF
96022,KRDD
95595,KRDD
93247,KPTV
95311,KSCK
91304,KBUR
95616,KEDU
95977,KSMF
80229,KBJC
81101,KALS
80013,KBKF
81137,KDRO
81029,KSPD
81057,KLAA
80533,KLMO
80038,KDEN
81236,KAEJ
80825,KITR
80439,KBJC
81120,KALS
81120,KALS
81039,KPUB
81252,KALS
81410,KAJZ
80110,KAPA
81324,KMTJ
80104,KAPA
81645,KEGE
80832,KLIC
80903,KCOS
81240,KFCS
81641,KEEO
80422,KBDU
80446,KFNL
81235,KMTJ
81040,KVTP
80430,KHDN
80439,KBJC
81045,KLHX
80834,KITR
80461,KLXV
81326,KDRO
80549,KFNL
81039,KPUB
81076,KLHX
80741,KSTK
81523,KGJT
81154,KCPW
81638,KHDN
81335,KFMN
81402,KMTJ
80701,KFMM
81039,KPUB
81432,KMTJ
80827,KCOS
80731,KHEQ
81654,KASE
81052,KLAA
81039,KPUB
81638,KHDN
81135,KALS
81638,KHDN
81155,KALS
81432,KMTJ
81435,KTEX
80721,KHEQ
80443,KCCU
80813,KFCS
80741,KSTK
80642,KDEN
80758,KIML
6484,KHVN
6040,KBDL
6021,KBDL
6073,KBDL
6422,KHVN
6231,KBDL
6066,KBDL
6277,KORH
19977,KDOV
19711,KILG
19958,KGED
20001,KDCA
32601,KGNV
32234,KVQQ
32405,KPAM
32091,KGNV
32901,KMLB
33019,KFLL
32420,KMAI
34223,KVNC
34449,KCGC
32050,KVQQ
34119,KAPF
32038,KGNV
34268,KPGD
32008,KCTY
32233,KNRB
32506,KNPA
32145,KSGJ
32320,KAAF
32324,KMAI
32008,KCTY
33944,KOBE
32456,KPAM
32052,KVLD
33841,KBOW
33975,KRSW
34601,KBKV
33843,KBOW
33511,KVDF
32455,KECP
32963,KVRB
32443,KMAI
32309,KTLH
32008,KCTY
32195,KVVG
33907,KFMY
32305,KTLH
34449,KCGC
32334,KTLH
32350,KVLD
34208,KSRQ
32195,KVVG
33478,KSUA
33015,KOPF
33040,KEYW
32046,KJAX
32547,KVPS
34972,KOBE
32710,KORL
34746,KISM
33403,KPBI
34653,KBKV
33701,KSPG
33547,KVDF
32131,KSGJ
32131,KSGJ
34951,KFPR
32571,KPNS
34223,KVNC
32701,KORL
34731,KLEE
32038,KGNV
32357,KVLD
32058,KGNV
32170,KDAB
32326,KTLH
32455,KECP
32428,KECP
31557,KJES
31552,KAYS
31551,KBHC
39841,KBIJ
31033,KMCN
30511,KGVL
30548,KWDR
30123,KVPC
31001,KDBN
31622,KDQH
31211,KMCN
31036,KWRB
31543,KJES
31625,KMGR
31302,KSAV
31308,KSAV
30426,KAGS
30223,KFFC
39840,KBIJ
31548,KFHB
30420,KVDI
30179,KCTJ
30707,KCHA
31537,KJAX
31302,KSAV
31905,KLSF
30105,KRMG
30534,KGVL
30604,KATL
39854,KBIJ
30236,KATL
31642,KDQH
30068,KMGE
31532,KDQH
31738,KMGR
30824,KDNL
31647,KVAD
30271,KATL
31016,KOPN
31072,KWRB
30752,KCHA
30534,KGVL
39834,KTLH
30032,KPDK
31011,KDBN
31072,KWRB
31791,KABY
30134,KFTY
39841,KBIJ
31636,KVLD
31302,KSAV
30635,KGSP
30457,KVDI
30423,KLHW
30541,KDNN
30269,KFFC
30124,KRMG
30534,KGVL
30520,KGSP
30076,KPDK
30534,KGVL
30810,KDNL
31543,KJES
30701,KRMG
39834,KTLH
30677,KAHN
30043,KLZU
30511,KGVL
30518,KLZU
30678,KAGS
30179,KCTJ
31811,KCSG
30520,KGSP
30108,KCTJ
30236,KATL
31025,KWRB
31733,KMGR
30548,KWDR
30014,KLZU
31532,KDQH
30810,KDNL
30442,KJYL
31002,KDBN
31211,KMCN
31016,KOPN
31605,KVAD
31002,KDBN
31787,KABY
31316,KLHW
30817,KDNL
31316,KLHW
31636,KVLD
30534,KGVL
30824,KDNL
31319,KBQK
31711,KLSF
30565,KAHN
31801,KLSF
30241,KLGC
39841,KBIJ
31744,KMGR
31016,KOPN
30457,KVDI
30625,KATL
30711,KDNN
31801,KLSF
30014,KLZU
30638,KAHN
30630,KAHN
30134,KFTY
31076,KMCN
30534,KGVL
31551,KBHC
30206,KOPN
30124,KRMG
31036,KWRB
30625,KATL
39854,KBIJ
30568,KAVL
39840,KBIJ
30912,KDNL
30016,KATL
31711,KLSF
30424,KSAV
39825,KMAI
30223,KFFC
30598,KAJR
39854,KBIJ
31711,KLSF
31801,KLSF
30673,KIIY
30420,KVDI
31076,KMCN
31037,KVDI
31721,KABY
31738,KMGR
31733,KMGR
30436,KVDI
30582,KRHP
30457,KVDI
30241,KLGC
31714,KABY
31031,KMCN
30514,KRHP
31016,KOPN
30752,KCHA
30014,KLZU
31552,KAYS
30824,KDNL
31096,KDBN
31543,KJES
31825,KLSF
30411,KVDI
30527,KGVL
30722,KDNN
31072,KWRB
30817,KDNL
31021,KDBN
31791,KABY
96740,PHKO
96792,PHHI
96742,PHMK
96754,PHLI
96748,PHMK
83642,KBOI
83638,KMYL
83205,KPIH
83238,KPIH
83830,KPUW
83354,KSUN
83637,KBOI
83822,KGEG
83805,CYXC
83322,KSUN
83686,KEUL
83217,KPIH
83318,KBYI
83544,KPUW
83253,KSUN
83648,KMUO
83237,KOGD
83629,KBOI
83330,KJER
83549,KLWS
83325,KTWF
83810,KCOE
83844,KPUW
83253,KSUN
83555,KLWS
83330,KJER
83555,KLWS
83252,KPIH
83639,KEUL
83619,KONO
83204,KPIH
83830,KPUW
83424,KDIJ
83303,KJER
83638,KMYL
83632,KBOI
62301,KUIN
62914,KPAH
62249,KALN
61114,KRFD
62375,KUIN
61560,KPIA
62047,KSET
61053,KFEP
62627,KIJX
61864,KCMI
62545,KSPI
62478,KRSV
62448,KOLY
62249,KALN
62447,KMTO
60067,KPWK
62466,KAJG
62447,KMTO
60152,KDKB
61735,KBMI
61872,KCMI
60517,KLOT
61933,KPRG
62815,KAJG
62479,KLWV
62011,KTAZ
60921,KPNT
62822,KMWA
61531,KPIA
62821,KCUL
62027,KSET
60424,KMDW
62828,KMVN
62379,KEOK
62947,KHSB
61418,KBRL
61254,KMLI
60912,KIKK
62272,KSAR
62448,KOLY
62864,KMVN
62035,KALN
61085,KFEP
62972,KMWA
60136,KDPA
60424,KMDW
60544,KLOT
61412,KGBG
60051,KUGN
61360,KMDW
62439,KLWV
60553,KRPJ
60921,KPNT
62634,KAAA
61440,KMQB
60051,KUGN
61723,KAAA
62573,KDEC
62069,KALN
62035,KALN
62885,KSLO
61523,KPIA
61546,KPIA
62960,KPAH
62625,KSPI
61412,KGBG
62278,KSAR
62069,KALN
62621,KPPQ
61937,KDEC
61047,KFEP
61523,KPIA
62268,KSAR
61936,KDEC
62314,KPPQ
62960,KPAH
62956,KPAH
61560,KPIA
62278,KSAR
62448,KOLY
61282,KMLI
62223,KCPS
62972,KMWA
62545,KSPI
62624,KSPI
62621,KPPQ
62465,KDEC
61449,KGBG
61047,KFEP
61546,KPIA
62952,KCGI
61841,KDNV
62410,KAJG
61412,KGBG
62268,KSAR
62837,KFWC
62821,KCUL
61254,KMLI
60403,KLOT
62918,KMWA
61047,KFEP
61744,KBMI
46780,KFWA
46725,KFWA
47274,KBAK
47944,KLAF
47359,KMZZ
46147,KCFJ
47274,KBAK
46915,KGGP
46998,KGGP
47119,KLOU
47802,KHUF
46039,KOKK
47175,KHNB
47553,KDCY
47001,KCVG
46156,KGEZ
46747,KGWB
46012,KMIE
47523,KHNB
46514,KEKM
47331,KGEZ
47164,KSDF
47958,KLAF
47060,KCVG
46910,KRCR
47633,KEVV
46933,KMZZ
47441,KDCY
46268,KEYE
46229,KMQJ
47164,KSDF
46158,KIND
46056,KMQJ
46902,KOKK
46725,KFWA
47229,KIMS
46380,KVPZ
47390,KMIE
47224,KCVG
47229,KIMS
46106,KIND
47596,KDCY
46504,KASW
46746,KIRS
46311,KIGQ
46391,KVPZ
47108,KBMG
46040,KMQJ
46201,KIND
46504,KASW
47633,KEVV
46910,KRCR
47408,KBMG
47990,KCFJ
46158,KIND
46310,KVPZ
46725,KFWA
47001,KCVG
47108,KBMG
47588,KHNB
47660,KHNB
46301,KVPZ
47620,KEHR
47960,KMCX
47840,KHUF
47355,KMIE
47224,KCVG
46156,KGEZ
46613,KSBN
47141,KLOU
47240,KBAK
47523,KHNB
46374,KOXI
46737,KOEB
47850,KHUF
47224,KCVG
47901,KLAF
46902,KOKK
47331,KGEZ
47633,KEVV
47854,KPRG
47802,KHUF
46919,KMZZ
47991,KDNV
47660,KHNB
47108,KBMG
47346,KMIE
46798,KFWA
47950,KMCX
46725,KFWA
50002,KADU
50857,KICL
52170,KPDC
52574,KCNC
50117,KADU
50651,KVTI
50701,KALO
50220,KPRO
50622,KALO
50651,KVTI
50568,KSLB
50433,KMCW
50579,KCIN
51466,KCIN
51532,KRDK
52253,KCID
50458,KMCW
51047,KCKP
52132,KDEH
50222,KDSM
51047,KCKP
52035,KPDC
52069,KCWI
51006,KDNS
50063,KPRO
52560,KFFL
50108,KLWD
52065,KMXO
52640,KMPZ
51347,KSPW
52033,KMXO
51365,KEST
50655,KOLZ
50458,KMCW
50071,KCAV
51647,KSDA
50220,KPRO
50638,KMIW
50002,KADU
50236,KAMW
50447,KCAV
50206,KIFA
51550,KTQE
52656,KFSW
50628,KCCY
50519,KAXA
51006,KDNS
52361,KCID
52069,KCWI
50170,KTNU
52641,KMPZ
52240,KIOW
52033,KMXO
50268,KOTM
50480,KAXA
52656,KFSW
52213,KVTI
52659,KMPZ
50060,KCNC
51201,KSHL
50222,KDSM
50268,KOTM
50170,KTNU
50206,KIFA
51551,KRDK
50458,KMCW
51572,KDNS
52553,KOOA
50857,KICL
52720,KMUT
51201,KSHL
51201,KSHL
51647,KSDA
50546,KAXA
51109,KSUX
50568,KSLB
50109,KIKV
51525,KRDK
52339,KGGI
50861,KCSQ
50568,KSLB
52748,KDVN
51578,KDNS
51201,KSHL
50201,KAMW
50638,KMIW
50857,KICL
50861,KCSQ
52570,KFFL
52553,KOOA
50125,KDSM
52247,KIOW
50060,KCNC
50530,KEBS
50465,KFXY
52132,KDEH
51006,KDNS
50440,KMCW
50071,KCAV
66749,KFOE
66014,KIXD
66058,KTOP
67104,KICT
67665,KRSL
66738,KIXD
66094,KFNB
67042,KEQA
66869,KEMP
67344,KIDP
67336,KCFV
67741,KGLD
67834,KDDC
67410,KSLN
66935,KCNK
66783,KFOE
67029,KGCK
67005,KWLD
66712,KJLN
67749,KMCK
66441,KMHK
66094,KFNB
66049,KLWC
67054,KPTT
67344,KIDP
67640,KRSL
67423,KSLN
67851,KGCK
67834,KDDC
66033,KOWI
66441,KMHK
67748,KGLD
67625,KHLC
67855,KEHA
67844,KDDC
67879,KLAA
66870,KEMP
67857,KGCK
67009,KICT
67117,KEWK
67880,KLBL
67854,KDDC
66058,KTOP
66086,KLWC
66939,KCNK
66083,KIXD
67838,KGCK
67025,KICT
67054,KPTT
67336,KCFV
67839,KGCK
66086,KLWC
67455,KSLN
66014,KIXD
67748,KGLD
66868,KEMP
67448,KSLN
66869,KEMP
66406,KMYZ
67869,KLBL
66083,KIXD
67485,KRSL
67344,KIDP
66873,KEMP
67954,KEHA
66521,KMYZ
67341,KPPF
67518,KGCK
67629,KHLC
66414,KFOE
67473,KRSL
66901,KCNK
67575,KGBD
67644,KHLC
66547,KMHK
67035,KPTT
67749,KMCK
67025,KICT
66935,KCNK
67573,KHUT
66442,KMHK
67659,KHLC
67575,KGBD
67665,KRSL
67448,KSLN
67851,KGCK
67025,KICT
67951,KLBL
66414,KFOE
67757,KHLC
67732,KGLD
66967,KHDE
67526,KGBD
67855,KEHA
67951,KLBL
67026,KICT
67748,KGLD
67656,KHLC
66431,KFOE
67861,KGCK
66943,KMYZ
67861,KGCK
66736,KCNU
66749,KFOE
66115,KMKC
42129,KGLW
42133,KGLW
40046,KFFT
42024,KPAH
42133,KGLW
40358,KSYM
40958,KTRI
41048,KCVG
40311,KLEX
41102,KHTS
40468,KDVK
41043,KCVG
41339,KJKL
40146,KFTK
40229,KSDF
42101,KBWG
42211,KHOP
42048,KPAH
41074,KLUK
42039,KPAH
40075,KFFT
41121,KHTS
40437,KDVK
42215,KHOP
40353,KIOB
40914,KTRI
42602,KSME
42038,KHOP
42129,KGLW
42348,KOWB
42101,KBWG
41171,KSYM
40312,KIOB
40503,KLEX
41056,KFGX
41642,KPBX
40621,KLEX
42041,KPAH
41045,KCVG
40403,KDVK
41097,KCVG
42054,KPAH
42726,KGLW
42716,KFTK
41102,KHTS
42348,KOWB
40051,KFTK
40927,KTRI
40311,KLEX
42729,KGLW
42419,KEHR
40019,KFFT
42041,KPAH
42445,KHOP
40481,KLOZ
40269,KSDF
40383,KLEX
41255,KSJS
41017,KCVG
41339,KJKL
40903,KTYS
40051,KFTK
40740,KLOZ
41124,KSJS
41339,KJKL
40858,KTRI
41833,KLNP
41056,KFGX
40437,KDVK
42081,KPAH
42265,KBWG
42038,KHOP
42001,KPAH
40769,KBYL
42352,KOWB
40403,KDVK
41464,KJKL
40037,KFTK
42048,KPAH
41267,KSJS
41044,KFGX
40146,KFTK
40346,KIOB
40468,KDVK
42166,KGLW
42140,KGLW
40353,KIOB
41421,KSYM
42367,KOWB
40051,KFTK
40311,KLEX
42354,KOWB
40241,KLOU
41046,KCVG
41311,KJKL
41097,KCVG
41339,KJKL
41519,KPBX
40376,KIOB
40409,KDVK
41031,KLEX
40403,KDVK
40317,KSYM
42642,KSME
40370,KFFT
40019,KFFT
42104,KBWG
40046,KFFT
42716,KFTK
42265,KBWG
42038,KHOP
40006,KLOU
42459,KEHR
42101,KBWG
40468,KDVK
42642,KSME
42437,KEHR
40769,KBYL
41311,KJKL
40383,KLEX
70543,KLFT
70640,KLCH
71362,KESF
70653,KDRI
71070,KIER
71006,KDTN
71103,KDTN
70605,KLCH
71465,KESF
70630,KLCH
71340,KMLU
71256,KELD
71373,KAEX
71063,KIER
70805,KBTR
71254,KTVR
70748,KHZR
70580,KACP
71269,KMLU
71360,KESF
70560,KARA
71238,KRSN
70058,KNBG
70591,KLCH
70517,KLFT
70374,KHUM
71479,KESF
71275,KRSN
70706,KBTR
71233,KTVR
71280,KMLU
71070,KIER
70121,KMSY
71202,KMLU
70041,KBVE
70749,KHZR
71438,KAEX
71115,KSHV
71269,KMLU
71429,KIER
70092,KNBG
70087,KMSY
70706,KBTR
70084,KMSY
71362,KESF
70517,KLFT
70540,KPTN
70420,KASD
70454,KHDC
71334,KAEX
70360,KHUM
71280,KMLU
70560,KARA
71429,KIER
70444,KMCB
71075,KMNE
70773,KHZR
71263,KBQP
70748,KHZR
71070,KIER
4212,KAUG
4487,KHUL
4062,KPWM
4984,KAUG
4616,KBHB
4345,KAUG
4856,KRKD
4539,KRKD
4220,KAUG
4487,KHUL
4426,KBGR
4345,KAUG
4942,KBGR
4438,KBGR
4619,CYFC
3901,KPSM
21529,KCBE
20779,KADW
21043,KBWI
20678,KDCA
21636,KDOV
21757,KFDK
21914,KILG
20693,KNYG
21613,KNHK
20842,KFDK
21531,KMGW
21014,KMTN
21043,KBWI
21645,KMTN
20815,KCGS
20705,KCGS
21619,KNAK
20634,KDCA
21817,KWAL
21601,KNAK
21783,KHGR
21802,KSBY
21872,KOXB
21202,KDMH
2642,KHYA
1026,KBDL
1026,KBDL
2762,KPVD
2535,KMVY
1810,KBOS
1376,KORH
1085,KBDL
1026,KBDL
1026,KBDL
1462,KORH
2584,KACK
2026,KBOS
2026,KBOS
2738,KEWB
2026,KBOS
2026,KBOS
1436,KORH
48728,KAPN
49891,KSAW
49080,KAZO
49744,KAPN
49729,KCVX
48650,KIKW
49946,KCMX
48849,KGRR
48849,KGRR
48849,KGRR
48642,KIKW
49617,KTVC
49120,KSBN
49040,KIRS
49224,KRMY
49031,KEKM
49729,KCVX
49769,KPLN
49783,CYAM
48632,KMOP
48840,KLAN
48653,KHTL
49837,KESC
49801,KIMT
48849,KGRR
48849,KGRR
48849,KGRR
49769,KPLN
48462,KPTK
48624,KHTL
49938,KIWD
49686,KTVC
48811,KAMN
49262,KJYM
49931,KCMX
48413,KBAX
49285,KTEW
48849,KGRR
48849,KGRR
48849,KGRR
48750,KOSC
49967,KLNL
48632,KMOP
49224,KRMY
49004,KAZO
49690,KTVC
49323,KGRR
49901,KCMX
49677,KRQB
48014,CYZR
49650,KTVC
49267,KDUH
48137,KOZW
49853,KERY
49762,KERY
48021,KDET
49638,KCAD
49814,KSAW
49449,KLDM
49310,KMOP
49847,KIMT
48642,KIKW
49651,KCAD
49267,KDUH
48888,KAMN
49709,KGLR
49437,KMKG
49329,KRQB
48178,KYIP
49437,KMKG
48624,KHTL
49948,KCMX
48632,KMOP
48728,KAPN
49797,KMCD
49323,KGRR
49759,KSLH
48629,KHTL
48420,KFNT
48022,KPHN
49040,KIRS
48427,KBAX
49817,KISQ
48476,KRNP
48420,KFNT
49043,KLWA
48137,KOZW
48124,KDTW
49618,KCAD
55798,KCOQ
55014,KANE
56570,KPKD
56678,KBJI
56379,KSTC
56219,KABR
56219,KABR
56090,KJYG
55333,KRWF
55798,KCOQ
55331,KFCM
56636,KGPZ
56295,KMVE
55069,KROS
56584,KFSE
56678,KBJI
55612,KGNA
56180,KMML
56364,KLXL
55306,KLVN
55944,KTOB
56343,KAXN
56098,KFRM
55975,KFKA
56016,KAEL
55992,KSYN
56531,KFAR
55107,KSTP
55931,KDEH
56678,KBJI
56353,KPNM
55771,KORB
56159,KMWM
56353,KPNM
56312,KPEX
56755,KHCO
55771,KORB
56223,KGDB
55614,KBFW
56711,KFGN
56096,KACQ
56264,KMML
56264,KMML
55312,KHCD
56651,KFSE
56727,KTVF
56098,KFRM
55353,KMGG
56353,KPNM
56353,KPNM
55926,KAUM
56180,KMML
56054,KULM
56158,KLYV
56584,KFSE
55906,KRST
56527,KADC
56748,KTVF
55063,KROS
56170,KPQN
56721,KGFK
56226,KBBB
55106,KSTP
56742,KTVF
56180,KMML
55310,KOVL
56096,KACQ
56158,KLYV
56726,KROX
55765,KHIB
55337,KMSP
56379,KSTC
55312,KHCD
55353,KMGG
55060,KOWA
56323,KMOX
56226,KBBB
56481,KSAZ
56219,KABR
56219,KABR
55906,KRST
56481,KSAZ
56096,KACQ
55071,KSGS
56159,KMWM
56565,KFAR
55952,KONA
55363,KCFE
56264,KMML
39121,KBTR
38846,KCRX
39638,KMCB
39051,KMBO
38635,KUOX
38769,KRNV
38951,KUOX
38954,KGWO
38868,KTUP
39752,KSTF
39144,KVKS
39363,KMEI
39741,KSTF
38626,KUTA
39191,KMCB
39119,KPIB
38686,KMEM
39403,KHBG
39647,KMCB
39456,KHBG
39456,KHBG
38925,KGTR
39556,KGPT
39560,KGPT
39066,KVKS
38954,KGWO
38753,KGLH
39159,KTVR
38849,KTUP
39553,KPQL
39443,KLUL
39069,KHEZ
39119,KPIB
39443,KLUL
39320,KNMM
38619,KUOX
39401,KHBG
39320,KNMM
39191,KMCB
39051,KMBO
38849,KTUP
38954,KGWO
39647,KMCB
39705,KCBM
39051,KMBO
39667,KMCB
38635,KUOX
38848,KTUP
39747,KGTR
39051,KMBO
39365,KMEI
39361,KNMM
39752,KSTF
38927,KUOX
39426,KBXA
39456,KHBG
39652,KMCB
38868,KTUP
38873,KCRX
38646,KCKM
39218,KJAN
39365,KMEI
38721,KGLH
39082,KJAN
39116,KLUL
39561,KGPT
38753,KGLH
38927,KUOX
38635,KUOX
38674,KCRX
38852,KCRX
38626,KUTA
38849,KTUP
39652,KMCB
39181,KJAN
38721,KGLH
39443,KLUL
39752,KSTF
39638,KMCB
39350,KNMM
38927,KUOX
39162,KHKS
63501,KIRK
64455,KSTJ
64491,KSDA
65231,KCOU
65656,KBBG
64855,KJLN
64780,KDMO
65338,KDMO
63787,KPOF
65202,KCOU
64439,KMCI
63962,KPOF
64465,KGPH
65202,KCOU
65536,KAIZ
63732,KMDH
64643,KCDJ
63965,KPOF
64078,KOJC
65601,KSGF
64676,KCDJ
65714,KSGF
63445,KEOK
64116,KMKC
64465,KGPH
65105,KCOU
65233,KVER
65559,KVIH
65601,KSGF
65536,KAIZ
64689,KCDJ
64422,KSTJ
63638,KFAM
65720,KSGF
63857,KTKX
63055,KFYG
65559,KVIH
64441,KLWD
65890,KSGF
64641,KCDJ
64458,KLWD
64740,KGLY
65668,KAIZ
64466,KFNB
65279,KCOU
65793,KUNO
63624,KFAM
64137,KLXT
64855,KJLN
63051,KSUS
64076,KRCM
63530,KIRK
65536,KAIZ
64076,KRCM
64873,KHFJ
63447,KIRK
63381,KFYG
64653,KCDJ
64643,KCDJ
64850,KHFJ
63552,KIRK
63620,KFAM
65559,KVIH
63456,KHAE
64673,KLWD
65452,KAIZ
63845,KCGI
65011,KAIZ
65260,KIRK
63381,KFYG
65011,KAIZ
63867,KCGI
64850,KHFJ
64461,KSDA
65606,KUNO
65035,KVIH
65626,KUNO
63857,KTKX
63746,KMDH
65340,KDMO
65559,KVIH
63339,KHAE
64439,KMCI
65622,KSGF
65473,KVIH
63560,KIRK
63456,KHAE
65260,KIRK
64671,KGPH
63638,KFAM
63955,KPOF
63385,KSUS
64780,KDMO
63627,KFAM
63624,KFAM
63074,KSTL
65340,KDMO
63535,KIRK
63543,KEOK
63735,KCGI
65438,KUNO
63450,KIRK
63735,KCGI
65714,KSGF
64641,KCDJ
65615,KBBG
65793,KUNO
64767,KJLN
63381,KFYG
63624,KFAM
63638,KFAM
65706,KSGF
64486,KLWD
65470,KAIZ
63105,KSTL
59739,TMQM
59101,KBIL
59526,HRLM
59635,KHLN
59008,KCOD
59311,KGCC
59405,KGFA
59460,TLOM
59301,KMLS
59253,GWOP
59339,KSDY
59339,KSDY
59701,KBTM
59344,KBHK
59462,KGTF
59462,KGTF
59917,CYXC
59917,CYXC
59086,KLVM
59337,KJDN
59417,KGPI
59072,KRPX
59858,KMSO
59520,KGTF
59635,KHLN
59462,KGTF
59462,KGTF
59931,KGPI
59635,KHLN
59545,CYXH
59917,CYXC
59917,CYXC
59315,KGDV
59721,KBZN
59086,KLVM
59830,KMSO
59801,KMSO
59072,KRPX
59047,KLVM
59084,KBIL
59538,GWML
59425,RKMT
59314,KGCC
59854,THLM
59339,KSDY
59339,KSDY
59840,KMSO
59221,KSDY
59212,TSTA
59323,KMLS
59821,KMSO
59252,TRED
59701,KBTM
59011,KLVM
59011,KLVM
59422,RKMT
59466,CYQL
59038,KRPX
59248,GWFP
59078,KRPX
59353,KSDY
59101,KBIL
68955,KHSI
68781,KOFK
69121,KOGA
69156,KIBM
68833,KTIF
68781,KOFK
69301,KAIA
68746,KONL
68714,KANW
68847,KEAR
68029,KTQE
68036,KOLU
68349,KPMV
68745,KLCG
69027,KIML
69343,KIEN
69156,KIBM
68436,KHJH
68601,KOLU
68047,KLCG
68825,KBBW
68030,KSUX
69348,KAIA
69029,KLXN
69129,KSNY
68745,KLCG
68063,KTQE
68118,KMLE
69037,KIML
68436,KHJH
68972,KHDE
69029,KLXN
68922,KHDE
68309,KBIE
69129,KSNY
68725,KONL
68922,KHDE
69350,KAIA
68835,KODX
68955,KHSI
68654,KJYR
68977,KHDE
69038,KMCK
69038,KMCK
68766,KONL
69152,KTIF
68873,KGRI
68352,KHJH
68301,KBIE
68847,KEAR
69121,KOGA
68753,KANW
69156,KIBM
68760,KYKN
68503,KLNK
69029,KLXN
69120,KBBW
68879,KODX
69101,KLBF
68702,KOFK
68826,KAUH
69301,KAIA
68864,KGRI
68305,KAFK
68957,KHSI
68410,KAFK
68458,KBIE
69169,KIML
68845,KEAR
68781,KOFK
68601,KOLU
68601,KOLU
69024,KMCK
68431,KFNB
68759,KANW
68464,KBIE
68059,KMLE
68050,KAHQ
69358,KTOR
68428,KLNK
69343,KIEN
68844,KEAR
69358,KTOR
68779,KOFK
68943,KHJH
69166,KTIF
68039,KSUX
68815,KODX
68029,KTQE
68745,KLCG
68957,KHSI
68665,KODX
68654,KJYR
89407,KRNO
89014,KLAS
89444,NSMV
89821,KEKO
89013,KMMH
89821,KEKO
89426,KWMC
89820,KWMC
89042,KSGU
89444,NSMV
89415,KHTH
89041,KVGT
89445,KWMC
89434,NSPA
89431,NSPA
89318,KELY
89705,KRNO
3253,KLEB
3838,KPWM
3431,KMHT
3593,KPWM
3245,KLEB
3033,KMHT
3303,KMHT
3044,KPSM
3825,KPSM
3748,KLEB
8225,KACY
7010,KTEB
8036,KTTN
8012,KPHL
8012,KPHL
8223,KACY
8353,KILG
7040,KEWR
8012,KPHL
8012,KPHL
7303,KEWR
8833,KTTN
8512,KCGZ
8902,KTTN
7727,KTTN
7927,KEWR
8734,KACY
7013,KTEB
8079,KILG
7060,KEWR
7871,KTEB
7036,KEWR
7880,KABE
87110,KABQ
87827,KGNT
88253,KATS
87020,KGNT
87747,KRTN
88124,KCVS
88119,KCVS
88081,KELP
88210,KATS
88043,KSVC
88431,KTCC
87746,KTCC
88056,KDUG
88267,KHOB
88348,KSRR
87547,KLAM
88030,KDMN
87020,KGNT
87713,KAXX
88081,KELP
88124,KCVS
87528,KDRO
88115,KCVS
87041,KSAF
87402,KFMN
87565,KLVS
87035,KABQ
87035,KABQ
87901,KTCS
87823,KONM
87514,KSKX
87035,KABQ
87035,KABQ
88414,KRTN
87031,KABQ
12087,KALB
14717,KELZ
10459,KLGA
13746,KBGM
14738,KJHW
13074,KFZY
14048,KDKK
14824,KELM
13746,KBGM
12981,KPBG
12037,KPSF
13053,KITH
13053,KITH
12455,KMSV
12533,KPOU
14052,KBUF
12883,KRUT
12916,KMSS
12095,KALB
14036,KBUF
12413,KALB
13353,KRME
13329,KRME
13145,KART
11202,KLGA
13473,KRME
14525,KROC
13035,KSYR
14464,KROC
12095,KALB
11001,KJFK
10025,KNYC
14109,KIAG
13483,KRME
13035,KSYR
14512,KDSV
10924,KMGJ
14464,KROC
13036,KFZY
12155,KRME
12533,KPOU
11001,KJFK
12169,KPSF
10301,KEWR
10901,KTEB
13676,KMSS
12828,KGFL
12305,KALB
12175,KALB
14824,KELM
14433,KPEO
14823,KELM
11729,KFRG
12566,KMGJ
13850,KBGM
13053,KITH
13053,KITH
12455,KMSV
12856,KGFL
12828,KGFL
13143,KFZY
10511,KHPN
14052,KBUF
14857,KPEO
27201,KJKL
28636,KSVH
28644,KGEV
28007,KAFP
28644,KGEV
28622,KTNB
27806,KOCW
27957,KEDE
28320,KEYF
28422,KSUT
28701,KAVL
28602,KHKY
28026,KJQF
28624,KTNB
27973,KONX
28511,KMRH
27315,KDAN
28602,KHKY
27349,KSCR
28901,KRHP
27946,KEDE
28734,KAVL
28073,KEHO
28320,KEYF
28530,KISO
28307,KPOB
27973,KONX
27949,KMQI
27360,KEXX
27014,KRUQ
28458,KDPL
27704,KRDU
27809,KRWI
27009,KINT
27525,KHNZ
28092,KIPJ
27938,KSFQ
28702,KTYS
27525,KHNZ
28530,KISO
27407,KGSO
27886,KETC
28326,KPOB
28715,KAVL
28766,KAVL
27897,KASJ
28371,KFAY
27860,KOCW
28677,KSVH
28719,KAVL
27542,KJNX
28501,KISO
28326,KPOB
28530,KISO
28092,KIPJ
28167,KEHO
28713,KTYS
28713,KTYS
28701,KAVL
27861,KPGV
28031,KJQF
28714,KAVL
28714,KAVL
28338,KHFF
28326,KPOB
27809,KRWI
28409,KILM
27831,KIXA
28541,KOAJ
27278,KIGX
28560,KEWN
27906,KECG
28445,KNCA
27985,KEDE
27343,KDAN
27886,KETC
28139,KEHO
27360,KEXX
28338,KHFF
28359,KLBT
27048,KSIF
28147,KRUQ
28167,KEHO
28334,KHRJ
28352,KMEB
28009,KVUJ
27009,KINT
27043,KMWK
28713,KTYS
28713,KTYS
28708,KAVL
27826,KHSE
28108,KEQY
27537,KHNZ
27512,KRDU
27537,KHNZ
27860,KOCW
28622,KTNB
27542,KJNX
28635,KUKF
27542,KJNX
27011,KMWK
28714,KAVL
28714,KAVL
58639,KHEI
58479,KJMS
58374,KDVL
58622,KDIK
58750,KMOT
58643,KDIK
58643,KDIK
58737,KMOT
58504,KBIS
58103,KFAR
58239,KDVL
58040,KFAR
58040,KFAR
58845,KISN
58601,KDIK
58374,KDVL
58504,KBIS
58443,KJMS
58632,KDIK
58261,KGFK
58638,KHZE
58212,KGFK
58647,KDIK
58488,KBIS
58472,KJMS
58440,KJMS
58440,KJMS
58768,KMOT
58440,KJMS
58440,KJMS
58757,KISN
58779,KMOT
58779,KMOT
58638,KHZE
58638,KHZE
58771,KMOT
58259,KDVL
58530,KHZE
58282,KDVL
58384,KMOT
58327,KDVL
58057,KBWP
58750,KMOT
58041,KBWP
58367,KDVL
58367,KDVL
58040,KFAR
58040,KFAR
58444,KBIS
58529,KBIS
58643,KDIK
58643,KDIK
58601,KDIK
58274,KGFK
58401,KJMS
58367,KDVL
58367,KDVL
58045,KFAR
58259,KDVL
58779,KMOT
58779,KMOT
58374,KDVL
58801,KISN
45660,KFGX
45801,KAOH
44843,KMFD
44048,KHZY
45701,KUNI
45801,KAOH
43906,KHLG
45119,KCVG
45005,KMGY
44657,KCAK
43047,KMRT
45501,KFFO
45153,KCVG
45177,KILN
44657,KCAK
43845,KPHD
44827,KMFD
44026,KBKL
45358,KVES
43506,KDFI
43035,KOSU
44824,KLPR
43076,KVTA
43145,KLCK
43064,KMRT
43533,KADG
45623,KHTS
44026,KBKL
45440,KMGY
43772,KZZV
45013,KHAO
45810,KAOH
45810,KAOH
44695,KPHD
43527,KDFI
45660,KFGX
45654,KUNI
44660,KBJJ
44847,KLPR
45601,KLCK
43917,KHLG
43080,KVTA
44041,KHZY
45623,KHTS
43076,KVTA
43331,KEDJ
44275,KLPR
43612,KDUH
43064,KMRT
44512,KYNG
45843,KFDY
44275,KLPR
45723,KUNI
45865,KVES
45371,KDAY
43793,KPKB
45005,KMGY
43787,KPKB
43050,KVTA
43746,KZZV
43772,KZZV
43416,KTDZ
45832,KFWA
43076,KVTA
43137,KLCK
45660,KFGX
44272,KAKR
45003,KHAO
45830,KAOH
44827,KMFD
45601,KLCK
44824,KLPR
45660,KFGX
44853,KFDY
45865,KVES
44216,KCAK
44304,KAKR
44410,KYNG
44622,KPHD
43064,KMRT
45832,KFWA
45654,KUNI
45005,KMGY
43787,KPKB
44216,KCAK
43506,KDFI
43460,KTDZ
45843,KFDY
74964,KSLG
73716,KAVK
74553,KMLC
73950,KLBL
73644,KCSM
73763,KJWG
74702,KDUA
73017,KCHK
73014,KRCE
73443,KLAW
74359,KTQH
74735,KPRX
73947,KEHA
73129,KOKC
74534,KAQR
73017,KCHK
73531,KSPS
74349,KGMJ
74010,KRVS
73096,KOJA
74964,KSLG
73859,KWWR
73840,KWWR
73761,KWDG
73098,KPVJ
73010,KOUN
73761,KWDG
73547,KAXS
73554,KAXS
73851,KWWR
74462,KJSV
74570,KMLC
73532,KAXS
73520,KDUC
74748,KDUA
74653,KPNC
73750,KRCE
73651,KHBR
74547,KMLC
74956,KRKR
74834,KCQB
73073,KSWO
73430,KDFW
73010,KOUN
74957,KMEZ
74428,KMKO
73760,KWDG
73447,KADM
74036,KGCM
73098,KPVJ
74403,KMKO
73073,KSWO
74027,KBVO
74010,KRVS
73012,KPWA
74421,KOKM
74103,KTUL
74370,KGMJ
74045,KCUH
74045,KCUH
74442,KMLC
74572,KADH
74801,KSNL
74735,KPRX
73660,KHHF
74036,KGCM
74849,KADH
74955,KJSV
73529,KDUC
73951,KLBL
73570,KFDR
74066,KRVS
74403,KMKO
74029,KBVO
73632,KCSM
73716,KAVK
73841,KWWR
97883,KPDT
97883,KPDT
97330,KCVO
97140,ARAO
97146,KAST
97053,KSPB
97466,KOTH
97753,POBO
97406,KOTH
97709,KRDM
97473,KOTH
97843,WQLX
97865,KPDT
97710,KREO
97044,KPDX
97526,KMFR
97526,KMFR
97761,KRDM
97526,KMFR
97526,KMFR
97603,KLMT
97640,KRDM
97413,KEUG
97394,KEUG
97346,KSLE
97906,KONO
97137,KMMV
97843,WQLX
97205,KPDX
97338,KSLE
97039,KYKM
97112,KSLE
97875,KHRI
97883,KPDT
97883,KPDT
97857,KALW
97021,KPDX
97005,KHIO
97750,KRDM
97114,KMMV
17320,KHGR
15034,KAGC
15690,KBTP
15061,KBVI
16655,KAOO
18092,KUKT
16637,KAOO
18616,KIPT
18930,KUKT
16001,KBTP
15906,KJST
15832,KFIG
18211,KABE
16820,KUNV
19355,KPTW
16028,KBTP
15801,KDUJ
17764,KUNV
17814,KIPT
16134,KGKJ
17007,KCXY
17033,KMDT
19064,KPHL
15821,KFIG
16435,KGKJ
15442,KAGC
15828,KDUJ
17214,KHGR
17211,KHGR
15334,KMGW
16647,KAOO
15734,KIDI
15801,KDUJ
17059,KUNV
18446,KAVP
17033,KMDT
16051,KBTP
17033,KMDT
18032,KABE
18644,KAVP
17754,KIPT
16749,KBFD
16127,KUCP
17059,KUNV
18301,KMPO
19006,KPNE
17756,KIPT
18014,KABE
17867,KSEG
17074,KCXY
19006,KPNE
18337,KFWN
16941,KBFD
17959,KRDG
17843,KSEG
15501,KLBE
18629,KAVP
18446,KAVP
16912,KIPT
17870,KSEG
16127,KUCP
16313,KBFD
15301,KAFJ
18405,KMSV
15501,KLBE
18446,KAVP
17403,KTHV
2806,KPVD
2887,KPVD
2801,KEWB
2828,KPVD
2808,KWST
29627,KAND
29801,KDNL
29827,KJYL
29627,KAND
29817,KOGB
29817,KOGB
29915,KSVN
29431,KMKS
29118,KOGB
29455,KJZI
29702,KEHO
29714,KLKR
29720,KUZA
29111,KCKI
29474,KRBW
29501,KFLO
29574,KMAO
29437,KRBW
29841,KDNL
29065,KCAE
29162,KFLO
29585,KGGE
29609,KGMU
29649,KGRD
29922,KJYL
29569,KCRE
29922,KJYL
29010,KSSC
29720,KUZA
29325,KLUX
29010,KSSC
29054,KCAE
29620,KGRD
29574,KMAO
29570,KMEB
29145,KCAE
29676,KCEU
29118,KOGB
29671,KLQK
29202,KCUB
29129,KDNL
29306,KSPA
29168,KSSC
29031,KDCM
29111,KCKI
29702,KEHO
57369,KPIR
57312,KHON
57574,KVTN
57063,KYKN
57234,KATY
57451,KABR
57370,KPIR
57370,KPIR
57370,KPIR
57370,KPIR
57760,KRAP
57437,KMBG
57313,KMHE
57434,KABR
57069,KYKN
57235,KATY
57642,KBIS
57738,KCUT
57328,KMHE
57235,KATY
57234,KATY
57652,KMBG
57344,KMHE
57451,KABR
57722,KCUT
57460,KABR
57252,KVVV
57529,KICR
57552,KPHP
57234,KATY
57476,KHON
57319,KMHE
57760,KRAP
57501,KPIR
57319,KMHE
57540,KPIR
57577,KPHP
57312,KHON
57531,KPIR
57231,KHON
57048,KMDS
57779,KRAP
57032,KFSD
57576,KPIR
57048,KMDS
57428,KMBG
57247,KABR
57787,KRAP
57579,KVTN
57058,KMDS
57048,KMDS
57017,KMDS
57703,KRAP
57640,KHEI
57450,KMBG
57252,KVVV
57312,KHON
57460,KABR
57532,KPIR
57442,KMBG
57580,KICR
57580,KICR
57053,KFSD
57025,KLRJ
57428,KMBG
57070,KYKN
57623,KPIR
37938,KOQT
37060,KSYI
38318,KPHT
37379,KCHA
37865,KTYS
37353,KCHA
37756,KOQT
37118,KMQY
38220,KPHT
37658,KTRI
37062,KJWN
38371,KMKL
37851,KTYS
38551,KSRB
37722,KTYS
37355,KTHA
38006,KMKL
37381,KCSV
37211,KBNA
38371,KMKL
37166,KRNC
37052,KCKV
38024,KDYR
38017,KMEM
38589,KCSV
37352,KBGF
38220,KPHT
38474,KMRC
37848,KTYS
37711,KTRI
37711,KTRI
37711,KTRI
37365,KRNC
37711,KTRI
37711,KTRI
37711,KTRI
37341,KCHA
37765,KTRI
38075,KMKL
38371,KMKL
37711,KTRI
37711,KTRI
37711,KTRI
38063,KDYR
38371,KMKL
38201,KPHT
38454,KMRC
37175,KCKV
37061,KCKV
38551,KSRB
37813,KTYS
37683,KVJI
37909,KTYS
38080,KDYR
38063,KDYR
38469,KMSL
38474,KMRC
38488,KMDQ
37885,KTYS
37880,KCSV
38379,KCRX
37074,KBNA
37074,KBNA
37074,KBNA
38006,KMKL
37365,KRNC
37060,KSYI
38474,KMRC
37880,KCSV
37385,KRHP
37052,KCKV
37352,KBGF
37872,KOQT
38271,KUCY
38580,KSRB
37033,KMRC
38543,KSRB
37307,KCHA
38506,KSRB
37381,KCSV
37880,KCSV
37073,KBNA
37060,KSYI
37755,KOQT
37379,KCHA
37865,KTYS
38134,KMEM
37074,KBNA
37074,KBNA
37074,KBNA
37175,KCKV
37659,KTRI
37077,KBNA
38069,KMKL
37074,KBNA
37074,KBNA
37074,KBNA
37657,KTRI
37938,KOQT
37367,KCSV
37166,KRNC
37659,KTRI
38463,KMSL
38226,KUCY
38506,KSRB
37060,KSYI
37118,KMQY
75779,KPSN
79714,KMAF
75915,KLFK
78382,KRKP
76360,KFDR
79226,KPPA
78113,KPEZ
77833,KCLL
77833,KCLL
79324,KCVN
78023,KSAT
78023,KSAT
78023,KSAT
78942,KGYB
76380,KLAW
78391,KBEA
76541,KGRK
78023,KSAT
78023,KSAT
78023,KSAT
78635,KSAT
79356,KLBB
76633,KACT
75501,KTXK
77422,KLBX
77840,KCLL
79830,KMRF
79257,KPVW
78353,KBKS
76823,KBWD
77878,KCLL
76550,KLZZ
78959,KAUS
78959,KAUS
77979,KPKV
79504,KABI
78569,KHRL
75451,KOSA
79080,KPPA
75572,KTXK
79045,KHRX
77597,KEFD
75759,KJSO
79230,KCDS
76305,KSPS
79379,KLBB
76945,KSJT
76873,KBBD
75098,KTKI
79079,KHHF
78933,KCLL
78132,KBAZ
76436,KMNZ
76855,KSJT
76252,KGLE
76528,KGOP
79223,KCDS
79731,KODO
76943,KOZA
79370,KSNK
79847,KELP
79022,KDHT
75043,KHQZ
79713,KBPG
79045,KHRX
75469,KGVT
75067,KDFW
77967,KVCT
79256,KCDS
78827,KCZT
79065,KPPA
78357,KALI
76435,KMKN
79760,KODO
78833,KECU
75146,KLNC
79836,KELP
76436,KMNZ
76629,KLHB
75414,KGYI
78942,KGYB
79526,KSNK
79231,KPVW
79227,KLAW
79227,KLAW
77469,KSGR
75457,KOSA
75838,KLXY
78017,KCOT
79359,KGNC
77510,KGLS
79356,KLBB
78624,KSAT
79720,KBPG
77960,KVCT
78959,KAUS
78959,KAUS
79079,KHHF
75021,KGYI
75605,KGGG
77356,KCXO
78132,KBAZ
79064,KPVW
79261,KCDS
76436,KMNZ
79062,KBGD
79247,KLAW
77585,KBPT
77007,KHOU
75605,KGGG
79018,KDUX
79521,KABI
78132,KBAZ
79014,KPYX
75803,KPSN
78537,KMFE
76055,KINJ
79358,KLBB
76035,KGDJ
75431,KSLR
75862,KUTS
79511,KBPG
79851,KGDP
75474,KGVT
79080,KPPA
76941,KSJT
76449,KRPH
77979,KPKV
75933,KJAS
79734,KMRF
77702,KBPT
78582,KMFE
78383,KRBO
76059,KCPT
79536,KABI
78113,KPEZ
75114,KHQZ
78004,KSAT
78385,KBKS
79528,KSNK
78055,KERV
76859,KJCT
79236,KCDS
78363,KNQI
79227,KLAW
79227,KLAW
75421,KPRX
79064,KPVW
76550,KLZZ
78001,KCOT
77986,KAUS
78942,KGYB
75833,KPSN
77371,KCXO
75838,KLXY
79005,KPYX
78102,KBEA
76885,KAQO
79754,KPEQ
79499,KLBB
79356,KLBB
76852,KBBD
76705,KACT
78071,KBEA
77871,KLHB
75630,KJXI
79782,KMDD
76869,KAQO
77422,KLBX
78852,MMPG
78023,KSAT
78023,KSAT
78023,KSAT
76859,KJCT
79708,KMAF
76569,KTPL
76864,KBWD
79512,KSNK
76225,KLUD
77381,KDWH
79018,KDUX
75638,KOSA
79256,KCDS
75788,KJSO
75109,KCRS
75933,KJAS
79532,KSNK
78418,KNGP
79070,KPYX
79098,KHRX
77632,KORG
76449,KRPH
75639,KASL
76085,KNFW
79035,KCVN
79740,KMGN
77350,KLFK
79103,KAMA
79845,MMCU
75472,KGVT
79103,KAMA
79739,KMDD
78833,KECU
75416,KPRX
79718,KPEQ
77990,KPKV
79065,KPPA
76629,KLHB
75098,KTKI
76821,KCOM
75669,KRFI
75930,KJAS
75929,KLFK
77371,KCXO
78335,KCRP
76871,KBBD
76936,KSOA
79512,KSNK
79504,KABI
75973,KOCH
79022,KDHT
75704,KTYR
76043,KGDJ
78582,KMFE
76424,KBKD
76951,KBPG
79502,KSWW
76874,KJCT
79042,KHRX
76114,KNFW
79536,KABI
79735,KFST
79359,KGNC
76372,KRPH
75493,KOSA
76939,KSJT
78641,KRYW
75862,KUTS
75936,KLFK
75605,KGGG
79755,KMAF
78833,KECU
78842,KDRT
75474,KGVT
77979,KPKV
75862,KUTS
77466,KSGR
79777,KPEQ
77833,KCLL
77833,KCLL
78045,KLRD
77488,KARM
79079,KHHF
76301,KSPS
76360,KFDR
78569,KHRL
78633,KGTU
78113,KPEZ
79789,KINK
76073,KXBP
75431,KSLR
79376,KGNC
76424,KBKD
78584,KAPY
78061,KCOT
84752,KCDC
84307,KLGU
84321,KLGU
84501,KPUC
84046,KRKS
84054,KSLC
84031,KPVU
84501,KPUC
84716,KBCE
84515,KGJT
84781,KSGU
84639,KPVU
84758,KKNB
84635,KRIF
84018,KEVW
84750,KRIF
84064,KEVW
84070,KSLC
84533,KHVE
84629,KPUC
84739,KRIF
84033,/SNC
84074,KSLC
84079,KVEL
84043,KPVU
84604,KPVU
84779,KSGU
84715,KRIF
84310,KOGD
5733,KRUT
5733,KRUT
5255,KRUT
5680,KBTV
5680,KBTV
5403,KBTV
5858,KBTV
5450,KBTV
5486,KPBG
5442,KBTV
5061,KLEB
5680,KBTV
5680,KBTV
5733,KRUT
5733,KRUT
5602,KBTV
5342,KALB
5089,KLEB
23301,KMFV
22911,KCHO
24457,KHSP
23083,KFVX
22967,KLYH
24504,KLYH
22205,KDCA
22920,KSHD
22920,KSHD
24460,KHSP
24104,KLYH
24084,KPSK
24012,KROA
23887,KAVC
24634,KJFZ
23936,KFVX
24504,KLYH
22427,KOFP
24330,KHLX
23030,KRIC
23937,KLYH
23224,KRIC
22630,KFRR
24128,KBCB
20186,KHWY
23936,KFVX
24237,KLNP
23833,KPTB
22438,KXSA
20171,KIAD
22406,KRMN
24091,KBCB
22963,KCHO
24014,KROA
22601,KOKV
24315,KBLF
23001,KPHF
23065,KLKU
24330,KHLX
22935,KCHO
23887,KAVC
24534,KLYH
23059,KOFP
23030,KRIC
24133,KMTV
24413,KEKN
23314,KPHF
23185,KFYJ
23156,KFYJ
22451,KDCA
23086,KXSA
22523,KXSA
24219,KLNP
20160,KIAD
23065,KLKU
23944,KAVC
22709,KOMH
23068,KFYJ
23919,KAVC
23071,KFYJ
24068,KROA
22920,KSHD
22920,KSHD
23140,KFYJ
23307,KMFV
22460,KXSA
23083,KFVX
23093,KLKU
22827,KSHD
24133,KMTV
24069,KDAN
23113,KOFP
23922,KFVX
23803,KPTB
20155,KHEF
24084,KPSK
22630,KFRR
22460,KXSA
24014,KROA
24579,KLYH
22801,KSHD
24237,KLNP
24221,KTRI
22645,KFRR
24311,KMKJ
23867,KEMV
22408,KEZF
22406,KRMN
23846,KAKQ
23867,KEMV
24630,KJFZ
22630,KFRR
24212,KTRI
22572,KXSA
24219,KLNP
24324,KPSK
23185,KFYJ
22305,KDCA
24203,KTRI
24416,KHSP
22903,KCHO
23323,KCPK
23834,KPTB
24426,KHSP
24540,KDAN
23847,KEMV
22030,KIAD
22205,KDCA
23851,KFKN
22408,KEZF
24333,KHLX
23607,KLFI
22801,KSHD
23860,KPTB
24450,KHSP
24515,KLYH
20110,KHEF
20111,KHEF
24112,KMTV
23606,KPHF
23505,KNGU
24273,KLNP
23803,KPTB
23662,KLFI
23708,KNGU
24129,KPSK
23222,KRIC
24014,KROA
24153,KROA
24402,KSHD
23432,KSFQ
23453,KNTU
22980,KSHD
23185,KFYJ
22601,KOKV
98857,KMWH
98857,KMWH
98857,KMWH
99402,KLWS
99354,KRLD
98828,KEAT
98381,CYWH
98606,KPDX
99328,KALW
99328,KALW
99328,KALW
98601,KPDX
98858,KEAT
98858,KEAT
99121,CYCG
99330,KPSC
99328,KALW
99328,KALW
99328,KALW
98857,KMWH
98857,KMWH
98857,KMWH
98537,KSEA
98249,KSEA
98320,KSEA
98320,KSEA
98102,KSEA
98359,KSEA
98828,KEAT
98539,KSEA
99032,KGEG
99032,KGEG
98563,KSEA
98862,CYYF
98862,CYYF
98614,KPDX
99006,KGEG
99006,KGEG
99006,KGEG
98328,KSEA
98328,KSEA
98286,KFHR
98274,KBLI
98671,KPDX
98270,KSEA
99006,KGEG
99006,KGEG
99006,KGEG
99006,KGEG
99006,KGEG
99006,KGEG
98505,KSEA
98621,KPDX
98621,KPDX
99329,KALW
98266,CYXX
99170,KGEG
99170,KGEG
98903,KYKM
26267,KCKB
26267,KCKB
26267,KCKB
26267,KCKB
26267,KCKB
26267,KCKB
25411,KHGR
25411,KHGR
25529,KCRW
26412,KCKB
26412,KCKB
26412,KCKB
26412,KCKB
26070,KPIT
26070,KPIT
25504,KHTS
25504,KHTS
25235,KCRW
25235,KCRW
25235,KCRW
25235,KCRW
26321,KCKB
26321,KCKB
26321,KCKB
26321,KCKB
26680,KLWB
26412,KCKB
26412,KCKB
26412,KCKB
26412,KCKB
26866,KSHD
26866,KSHD
24977,KLWB
25434,KHGR
26047,KPIT
26838,KSHD
26838,KSHD
26323,KCKB
25252,KCRW
25252,KCRW
25414,KHGR
25071,KCRW
25071,KCRW
26321,KCKB
26321,KCKB
26321,KCKB
26321,KCKB
25523,KHTS
25617,KCRW
25617,KCRW
24862,KCRW
24862,KCRW
26563,KCKB
26036,KPIT
25515,KHTS
24701,KLWB
26767,KJST
25678,KCRW
25678,KCRW
26505,KMGW
24963,KLWB
24963,KLWB
25411,KHGR
25411,KHGR
26205,KLWB
26070,KPIT
26070,KPIT
26807,KSHD
26170,KPKB
26170,KPKB
26170,KPKB
24924,KLWB
26287,KCKB
26287,KCKB
25312,KCRW
25140,KCRW
25140,KCRW
26267,KCKB
26267,KCKB
26267,KCKB
26267,KCKB
26267,KCKB
26267,KCKB
26170,KPKB
26170,KPKB
26170,KPKB
25071,KCRW
25071,KCRW
24963,KLWB
24963,KLWB
26330,KCKB
26287,KCKB
26287,KCKB
26170,KPKB
26170,KPKB
26170,KPKB
26267,KCKB
26267,KCKB
26267,KCKB
26267,KCKB
26267,KCKB
26267,KCKB
25504,KHTS
25504,KHTS
26217,KCKB
26217,KCKB
26033,KMGW
25252,KCRW
25252,KCRW
26169,KPKB
24870,KCRW
24870,KCRW
53936,KMSN
53936,KMSN
54559,KIWD
54004,KEAU
54004,KEAU
54891,KIWD
54324,KGRB
54622,KLSE
54830,KDLH
54830,KDLH
53088,KATW
54748,KEAU
54446,KCWA
53932,KMSN
54657,KLSE
53521,KMSN
53521,KMSN
53027,KMKE
54210,KESC
54210,KESC
54849,KDLH
54721,KEAU
54721,KEAU
54721,KEAU
54741,KEAU
54741,KEAU
54151,KIMT
54904,KATW
54904,KATW
54465,KRHI
53813,KDBQ
53521,KMSN
53521,KMSN
53949,KMSN
53949,KMSN
53517,KMSN
54538,KRHI
54538,KRHI
54538,KRHI
54538,KRHI
54741,KEAU
54741,KEAU
53563,KMSN
53968,KLSE
53968,KLSE
53128,KMKE
54205,KGRB
54667,KLSE
54667,KLSE
53516,KMSN
54430,KRHI
54564,KRHI
54126,KGRB
54474,KCWA
54157,KGRB
54157,KGRB
53949,KMSN
53949,KMSN
54135,KGRB
53217,KMKE
54618,KLSE
54618,KLSE
54157,KGRB
54157,KGRB
54538,KRHI
54538,KRHI
54538,KRHI
54538,KRHI
54914,KATW
53080,KMKE
53080,KMKE
54721,KEAU
54721,KEAU
54721,KEAU
54721,KEAU
54721,KEAU
54721,KEAU
54004,KEAU
54004,KEAU
54482,KCWA
54538,KRHI
54538,KRHI
54538,KRHI
54538,KRHI
53404,KMKE
53556,KMSN
53556,KMSN
53545,KMSN
54526,KEAU
54028,KEAU
53556,KMSN
53556,KMSN
54876,KEAU
54166,KGRB
53085,KATW
54771,KEAU
54770,KEAU
53968,KLSE
53968,KLSE
54538,KRHI
54538,KRHI
54538,KRHI
54538,KRHI
53125,KRFD
54830,KDLH
54830,KDLH
53080,KMKE
53080,KMKE
53186,KMKE
54486,KCWA
54970,KATW
54970,KATW
54904,KATW
54904,KATW
54469,KCWA
82073,KLAR
82423,KCOD
82423,KCOD
82701,KRAP
82701,KRAP
82701,KRAP
82083,KLAR
82633,KCPR
82729,KGCC
82729,KGCC
82520,KRIW
82244,KBFF
82443,KRIW
82443,KRIW
82832,KGCC
82832,KGCC
82009,KCYS
83127,KJAC
83127,KJAC
82605,KCPR
82701,KRAP
82701,KRAP
82701,KRAP
82214,KBFF
82832,KGCC
82832,KGCC
82923,KRIW
82901,KRKS
83002,KJAC
82931,KOGD
82442,KRIW
82442,KRIW
82701,KRAP
82701,KRAP
82701,KRAP
98858,KEAT
98858,KEAT
99121,CYCG
99330,KPSC
99328,KALW
99328,KALW
99328,KALW
98857,KMWH
98857,KMWH
98857,KMWH
98537,KSEA
98249,KSEA
98320,KSEA
98320,KSEA
98102,KSEA
98359,KSEA
98828,KEAT
98539,KSEA
99032,KGEG
99032,KGEG
98563,KSEA
98862,CYYF
98862,CYYF
98614,KPDX
99006,KGEG
99006,KGEG
99006,KGEG
98328,KSEA
98328,KSEA
98286,KFHR
98274,KBLI
98671,KPDX
98270,KSEA
99006,KGEG
99006,KGEG
99006,KGEG
99006,KGEG
99006,KGEG
99006,KGEG
98505,KSEA
98621,KPDX
98621,KPDX
99329,KALW
98266,CYXX
99170,KGEG
99170,KGEG
98903,KYKM
26267,KCKB
26267,KCKB
26267,KCKB
26267,KCKB
26267,KCKB
26267,KCKB
25411,KHGR
25411,KHGR
25529,KCRW
26412,KCKB
26412,KCKB
26412,KCKB
26412,KCKB
26070,KPIT
26070,KPIT
25504,KHTS
25504,KHTS
25235,KCRW
25235,KCRW
25235,KCRW
25235,KCRW
26321,KCKB
26321,KCKB
26321,KCKB
26321,KCKB
26680,KLWB
26412,KCKB
26412,KCKB
26412,KCKB
26412,KCKB
26866,KSHD
26866,KSHD
24977,KLWB
25434,KHGR
26047,KPIT
26838,KSHD
26838,KSHD
26323,KCKB
25252,KCRW
25252,KCRW
25414,KHGR
25071,KCRW
25071,KCRW
26321,KCKB
26321,KCKB
26321,KCKB
26321,KCKB
25523,KHTS
25617,KCRW
25617,KCRW
24862,KCRW
24862,KCRW
26563,KCKB
26036,KPIT
25515,KHTS
24701,KLWB
26767,KJST
25678,KCRW
25678,KCRW
26505,KMGW
24963,KLWB
24963,KLWB
25411,KHGR
25411,KHGR
26205,KLWB
26070,KPIT
26070,KPIT
26807,KSHD
26170,KPKB
26170,KPKB
26170,KPKB
24924,KLWB
26287,KCKB
26287,KCKB
25312,KCRW
25140,KCRW
25140,KCRW
26267,KCKB
26267,KCKB
26267,KCKB
26267,KCKB
26267,KCKB
26267,KCKB
26170,KPKB
26170,KPKB
26170,KPKB
25071,KCRW
25071,KCRW
24963,KLWB
24963,KLWB
26330,KCKB
26287,KCKB
26287,KCKB
26170,KPKB
26170,KPKB
26170,KPKB
26267,KCKB
26267,KCKB
26267,KCKB
26267,KCKB
26267,KCKB
26267,KCKB
25504,KHTS
25504,KHTS
26217,KCKB
26217,KCKB
26033,KMGW
25252,KCRW
25252,KCRW
26169,KPKB
24870,KCRW
24870,KCRW
53936,KMSN
53936,KMSN
54559,KIWD
54004,KEAU
54004,KEAU
54891,KIWD
54324,KGRB
54622,KLSE
54830,KDLH
54830,KDLH
53088,KATW
54748,KEAU
54446,KCWA
53932,KMSN
54657,KLSE
53521,KMSN
53521,KMSN
53027,KMKE
54210,KESC
54210,KESC
54849,KDLH
54721,KEAU
54721,KEAU
54721,KEAU
54741,KEAU
54741,KEAU
54151,KIMT
54904,KATW
54904,KATW
54465,KRHI
53813,KDBQ
53521,KMSN
53521,KMSN
53949,KMSN
53949,KMSN
53517,KMSN
54538,KRHI
54538,KRHI
54538,KRHI
54538,KRHI
54741,KEAU
54741,KEAU
53563,KMSN
53968,KLSE
53968,KLSE
53128,KMKE
54205,KGRB
54667,KLSE
54667,KLSE
53516,KMSN
54430,KRHI
54564,KRHI
54126,KGRB
54474,KCWA
54157,KGRB
54157,KGRB
53949,KMSN
53949,KMSN
54135,KGRB
53217,KMKE
54618,KLSE
54618,KLSE
54157,KGRB
54157,KGRB
54538,KRHI
54538,KRHI
54538,KRHI
54538,KRHI
54914,KATW
53080,KMKE
53080,KMKE
54721,KEAU
54721,KEAU
54721,KEAU
54721,KEAU
54721,KEAU
54721,KEAU
54004,KEAU
54004,KEAU
54482,KCWA
54538,KRHI
54538,KRHI
54538,KRHI
54538,KRHI
53404,KMKE
53556,KMSN
53556,KMSN
53545,KMSN
54526,KEAU
54028,KEAU
53556,KMSN
53556,KMSN
54876,KEAU
54166,KGRB
53085,KATW
54771,KEAU
54770,KEAU
53968,KLSE
53968,KLSE
54538,KRHI
54538,KRHI
54538,KRHI
54538,KRHI
53125,KRFD
54830,KDLH
54830,KDLH
53080,KMKE
53080,KMKE
53186,KMKE
54486,KCWA
54970,KATW
54970,KATW
54904,KATW
54904,KATW
54469,KCWA
82073,KLAR
82423,KCOD
82423,KCOD
82701,KRAP
82701,KRAP
82701,KRAP
82083,KLAR
82633,KCPR
82729,KGCC
82729,KGCC
82520,KRIW
82244,KBFF
82443,KRIW
82443,KRIW
82832,KGCC
82832,KGCC
82009,KCYS
83127,KJAC
83127,KJAC
82605,KCPR
82701,KRAP
82701,KRAP
82701,KRAP
82214,KBFF
82832,KGCC
82832,KGCC
82923,KRIW
82901,KRKS
83002,KJAC
82931,KOGD
82442,KRIW
82442,KRIW
82701,KRAP
82701,KRAP
82701,KRAP
